Unique_Funder,Matched_Funder,Matched_Code
AFM-Téléthon,"French Muscular Dystrophy Association (France, Rungis) - AFM",41___FRENCH_MUSCULAR_DYSTROPHY_ASSOCIATION_(RUNGIS)
Academy of Finland,"Research Council of Finland (Finland, Helsinki)",41___ACADEMY_OF_FINLAND_(HELSINKI)
Agencia Nacional de Promoción Científica y Tecnológica,"Agencia Nacional de Promoción de la Investigación, el Desarrollo Tecnológico y la Innovación (Argentina, Buenos Aires) - ANPCyT",41___AGENCIA_NACIONAL_DE_PROMOCIÓN_CIENTÍFICA_Y_TECNOLÓGICA_(BUENOS_AIRES)
"Albert Einstein College of Medicine, Yeshiva University","Albert Einstein College of Medicine (United States, Bronx) - AECOM",41___ALBERT_EINSTEIN_COLLEGE_OF_MEDICINE_(THE_BRONX)
American Chemical Society Petroleum Research Fund,"American Chemical Society (United States, Washington D.C.) - ACS",41___AMERICAN_CHEMICAL_SOCIETY_(WASHINGTON_D.C.)
Basic and Applied Basic Research Foundation of Guangdong Province,"Beijing Advanced Sciences and Innovation Center (China, Beijing) - BASIC",41___BEIJING_ADVANCED_SCIENCES_AND_INNOVATION_CENTER_(BEIJING)
Bill and Melinda Gates Foundation,"Bill & Melinda Gates Foundation (United States, Seattle) - BMGF",41___BILL_&_MELINDA_GATES_FOUNDATION_(SEATTLE)
Blue Cross Blue Shield of Massachusetts Foundation,"Blue Cross Blue Shield of Massachusetts (United States, Boston) - BCBSMA",41___BLUE_CROSS_BLUE_SHIELD_OF_MASSACHUSETTS_(BOSTON)
Brain and Behavior Research Foundation,"Brain & Behavior Research Foundation (United States, New York)",41___BRAIN_&_BEHAVIOR_RESEARCH_FOUNDATION_(NEW_YORK)
Bundesministerium für Bildung und Forschung,"Federal Ministry of Education and Research (Germany, Bonn) - BMBF",41___FEDERAL_MINISTRY_OF_EDUCATION_AND_RESEARCH_(BONN)
"Bundesministerium für Bildung, Wissenschaft und Forschung","Federal Ministry of Education, Science and Research (Austria, Vienna) - BMBWF","41___FEDERAL_MINISTRY_OF_EDUCATION,_SCIENCE_AND_RESEARCH_(VIENNA)"
"Bundesministerium für Bildung, Wissenschaft, Forschung und Technologie","Bundesministerium für Familien und Jugend (Austria, Vienna) - BMWFJ",41___BUNDESMINISTERIUM_FÜR_FAMILIEN_UND_JUGEND_(VIENNA)
Bureau of Justice Assistance,"Bureau of Justice Statistics (United States, Washington) - BJS",41___BUREAU_OF_JUSTICE_STATISTICS_(WASHINGTON)
California Department of Fish and Game,"California Department of Fish and Wildlife (United States, Sacramento) - CDFG",41___CALIFORNIA_DEPARTMENT_OF_FISH_AND_WILDLIFE_(SACRAMENTO)
Cancéropôle Ile de France,"Cancéropôle Île-de-France (France, Paris)",41___CANCÉROPÔLE_ÎLE-DE-FRANCE_(PARIS)
Carlsbergfondet,"Carlsberg Foundation (Denmark, Copenhagen)",41___CARLSBERG_FOUNDATION_(COPENHAGEN)
"Center for AIDS Research, Johns Hopkins University","Johns Hopkins University Center for AIDS Research (United States, Baltimore) - JHU CFAR",41___JOHNS_HOPKINS_UNIVERSITY_CENTER_FOR_AIDS_RESEARCH_(BALTIMORE)
Center for Substance Abuse Prevention,"Substance Abuse Foundation (United States, Long Beach) - SAF",41___SUBSTANCE_ABUSE_FOUNDATION_(LONG_BEACH)
Center for Substance Abuse Treatment,"Substance Abuse Foundation (United States, Long Beach) - SAF",41___SUBSTANCE_ABUSE_FOUNDATION_(LONG_BEACH)
Central University Basic Research Fund of China,"Central China Normal University (China, Wuhan) - CCNU",41___CENTRAL_CHINA_NORMAL_UNIVERSITY_(WUHAN)
"China Medical University, Taiwan","China Steel (Taiwan, Kaohsiung City) - CSC",41___CHINA_STEEL_(TAIWAN)_(KAOHSIUNG_CITY)
College and Graduate School of Arts and Sciences,"Shasta Bible College and Graduate School (United States, Redding) - SBC",41___SHASTA_BIBLE_COLLEGE_AND_GRADUATE_SCHOOL_(REDDING)
Conselho Nacional de Desenvolvimento Científico e Tecnológico,"National Council for Scientific and Technological Development (Brazil, Brasília) - CNPq",41___NATIONAL_COUNCIL_FOR_SCIENTIFIC_AND_TECHNOLOGICAL_DEVELOPMENT_(BRASÍLIA)
Coordenação de Aperfeiçoamento de Pessoal de Nível Superior,"Coordenação de Aperfeicoamento de Pessoal de Nível Superior (Brazil, Brasília) - CAPES",41___COORDENAÇÃO_DE_APERFEICOAMENTO_DE_PESSOAL_DE_NÍVEL_SUPERIOR_(BRASÍLIA)
Corporation for National and Community Service,"AmeriCorps (United States, Washington) - CNCS",41___CORPORATION_FOR_NATIONAL_AND_COMMUNITY_SERVICE_(WASHINGTON_D.C.)
Council on grants of the President of the Russian Federation,"Council for Grants of the President of the Russian Federation (Russia, Moscow)",41___COUNCIL_FOR_GRANTS_OF_THE_PRESIDENT_OF_THE_RUSSIAN_FEDERATION_(MOSCOW)
"Department of Atomic Energy, Government of India","Department of Atomic Energy (India, Mumbai) - DAE",41___DEPARTMENT_OF_ATOMIC_ENERGY_(MUMBAI)
"Department of Biotechnology, Ministry of Science and Technology, India","Department of Information Technology, Biotechnology and Science and Technology (India, Bengaluru) - ITBT","41___DEPARTMENT_OF_INFORMATION_TECHNOLOGY,_BIOTECHNOLOGY_AND_SCIENCE_AND_TECHNOLOGY_(BENGALURU)"
"Department of Science and Technology, Ministry of Science and Technology, India","Ministry of Science and Technology (Vietnam, Hanoi) - MOST",41___MINISTRY_OF_SCIENCE_AND_TECHNOLOGY_(HANOI)
"Department of Science and Technology, Republic of South Africa","Academy of Science of South Africa (South Africa, Pretoria) - ASSAf",41___ACADEMY_OF_SCIENCE_OF_SOUTH_AFRICA_(PRETORIA)
Directorate for Computer and Information Science and Engineering,"Directorate for Computer & Information Science & Engineering (United States, Arlington) - NSF CISE",41___DIRECTORATE_FOR_COMPUTER_&_INFORMATION_SCIENCE_&_ENGINEERING_(ARLINGTON)
Directorate for Mathematical and Physical Sciences,"Directorate for Mathematical & Physical Sciences (United States, Arlington) - NSF MPS",41___DIRECTORATE_FOR_MATHEMATICAL_&_PHYSICAL_SCIENCES_(ARLINGTON)
"Directorate for Social, Behavioral and Economic Sciences","Directorate for Social, Behavioral & Economic Sciences (United States, Arlington) - NSF SBE","41___DIRECTORATE_FOR_SOCIAL,_BEHAVIORAL_&_ECONOMIC_SCIENCES_(ARLINGTON)"
"Division of Cancer Epidemiology and Genetics, National Cancer Institute","Division of Cancer Epidemiology and Genetics (United States, Bethesda) - DCEG",41___DIVISION_OF_CANCER_EPIDEMIOLOGY_AND_GENETICS_(BETHESDA)
"Division of Civil, Mechanical and Manufacturing Innovation","Division of Civil, Mechanical & Manufacturing Innovation (United States, Arlington) - NSF CMMI","41___DIVISION_OF_CIVIL,_MECHANICAL_&_MANUFACTURING_INNOVATION_(ARLINGTON)"
"Division of Electrical, Communications and Cyber Systems","Division of Electrical, Communications & Cyber Systems (United States, Arlington) - NSF ECCS","41___DIVISION_OF_ELECTRICAL,_COMMUNICATIONS_&_CYBER_SYSTEMS_(ARLINGTON)"
Division of Emerging Frontiers,"Emerging Frontiers Office (United States, Arlington) - NSF EF",41___EMERGING_FRONTIERS_OFFICE_(ARLINGTON)
Division of Industrial Innovation and Partnerships,"Division of Industrial Innovation & Partnerships (United States, Arlington) - NSF IIP",41___DIVISION_OF_INDUSTRIAL_INNOVATION_&_PARTNERSHIPS_(ARLINGTON)
"Division of Intramural Research, National Institute of Allergy and Infectious Diseases","National Institute of Allergy and Infectious Diseases (United States, Bethesda) - NIAID",41___NATIONAL_INSTITUTE_OF_ALLERGY_AND_INFECTIOUS_DISEASES_(BETHESDA)
"Division of Microbiology and Infectious Diseases, National Institute of Allergy and Infectious Diseases","National Institute of Allergy and Infectious Diseases (United States, Bethesda) - NIAID",41___NATIONAL_INSTITUTE_OF_ALLERGY_AND_INFECTIOUS_DISEASES_(BETHESDA)
Division of Molecular and Cellular Biosciences,"Division of Molecular & Cellular Biosciences (United States, Arlington) - NSF MCB",41___DIVISION_OF_MOLECULAR_&_CELLULAR_BIOSCIENCES_(ARLINGTON)
Dumbarton Oaks Research Library and Collection,"Oaks Hospital (United Kingdom, Colchester)",41___OAKS_HOSPITAL_(COLCHESTER)
Enhancing Learning and Research for Humanitarian Assistance,"Elrha (United Kingdom, Cardiff)",41___ELRHA_(CARDIFF)
Esther A. and Joseph Klingenstein Fund,"Esther A. & Joseph Klingenstein Fund (United States, New York)",41___ESTHER_A._&_JOSEPH_KLINGENSTEIN_FUND_(NEW_YORK)
Eusko Jaurlaritza,"Basque Government (Spain, Vitoria-Gasteiz)",41___BASQUE_GOVERNMENT_(VITORIA-GASTEIZ)
Facebook,"Meta (United Kingdom, London)",41___FACEBOOK_(UNITED_KINGDOM)_(LONDON)
Fiducie de Recherche sur la Foret des Cantons-de-l'Est,"Fiducie de Recherche sur la Forêt des Cantons-de-l’Est (Canada, Québec) - FRFCE",41___FIDUCIE_DE_RECHERCHE_SUR_LA_FORÊT_DES_CANTONS-DE-L’EST_(QUÉBEC)
"Fondo Nacional de Desarrollo Científico, Tecnológico y de Innovación Tecnológica","Fondo Nacional de Desarrollo Científico y Tecnológico (Chile, Santiago) - FONDECYT",41___FONDO_NACIONAL_DE_DESARROLLO_CIENTÍFICO_Y_TECNOLÓGICO_(SANTIAGO)
Fondo para la Investigación Científica y Tecnológica,"Instituto Tecnológico de San Luis Potosí (Mexico, San Luis Potosí City) - ITSLP",41___INSTITUTO_TECNOLÓGICO_DE_SAN_LUIS_POTOSÍ_(SAN_LUIS_POTOSÍ_CITY)
Fonds De La Recherche Scientifique - FNRS,"Institut Scientifique de Santé Publique (Belgium, Brussels) - WIV-ISP",41___INSTITUT_SCIENTIFIQUE_DE_SANTÉ_PUBLIQUE_(BRUSSELS)
Fonds National de la Recherche Luxembourg,"Fonds National de la Recherche (Luxembourg, Luxembourg) - FNR",41___FONDS_NATIONAL_DE_LA_RECHERCHE_(LUXEMBOURG)
Fonds Wetenschappelijk Onderzoek,"Dienst voor Wetenschappelijke en Technische Informatie (Belgium, Brussels) - DWTI",41___DIENST_VOOR_WETENSCHAPPELIJKE_EN_TECHNISCHE_INFORMATIE_(BRUSSELS)
"Forskningsrådet om Hälsa, Arbetsliv och Välfärd","Swedish Research Council for Health Working Life and Welfare (Sweden, Stockholm) - FORTE",41___SWEDISH_RESEARCH_COUNCIL_FOR_HEALTH_WORKING_LIFE_AND_WELFARE_(STOCKHOLM)
Fundamental Research Funds for the Central Universities,"Hope Funds for Cancer Research (United States, Newport East)",41___HOPE_FUNDS_FOR_CANCER_RESEARCH_(NEWPORT_EAST)
Fundação para a Ciência e a Tecnologia,"Fundação para a Ciência e Tecnologia (Portugal, Lisbon) - FCT",41___FUNDAÇÃO_PARA_A_CIÊNCIA_E_TECNOLOGIA_(LISBON)
Global Challenges Research Fund,"Global Fund to Fight AIDS, Tuberculosis and Malaria (Switzerland, Le Grand-Saconnex) - GFATM","41___GLOBAL_FUND_TO_FIGHT_AIDS,_TUBERCULOSIS_AND_MALARIA_(LE_GRAND-SACONNEX)"
Grantová Agentura České Republiky,"Agentura Pro Zdravotnický Výzkum České Republiky (Czechia, Prague) - AZV ČR",41___AGENTURA_PRO_ZDRAVOTNICKÝ_VÝZKUM_ČESKÉ_REPUBLIKY_(PRAGUE)
Guangxi Key Laboratory of Automatic Detection Technology and Instrument Foundation,"State Key Laboratory of Automatic Target Recognition (China, Changsha)",41___STATE_KEY_LABORATORY_OF_AUTOMATIC_TARGET_RECOGNITION_(CHANGSHA)
H2020 European Research Council,"European Research Council (Belgium, Brussels) - ERC",41___EUROPEAN_RESEARCH_COUNCIL_(BRUSSELS)
H2020 Marie Skłodowska-Curie Actions,"Wyższa Szkoła Nauk Społecznych z Siedzibą w Lublinie (Poland, Lublin)",41___WYŻSZA_SZKOŁA_NAUK_SPOŁECZNYCH_Z_SIEDZIBĄ_W_LUBLINIE_(LUBLIN)
HORIZON EUROPE European Research Council,"European Research Council (Belgium, Brussels) - ERC",41___EUROPEAN_RESEARCH_COUNCIL_(BRUSSELS)
HORIZON EUROPE Marie Sklodowska-Curie Actions,"Marie Curie (United Kingdom, London)",41___MARIE_CURIE_(LONDON)
Harbin Medical University Cancer Hospital,"Third Affiliated Hospital of Harbin Medical University (China, Harbin)",41___THIRD_AFFILIATED_HOSPITAL_OF_HARBIN_MEDICAL_UNIVERSITY_(HARBIN)
Harvard Catalyst,"Catalyst (United Kingdom, Belfast)",41___CATALYST_(BELFAST)
Health Services Research and Development,"Health Services Research & Development (United States, Washington) - HSR&D",41___HEALTH_SERVICES_RESEARCH_&_DEVELOPMENT_(WASHINGTON_D.C.)
Heller School for Social Policy and Management,"Center for Law and Social Policy (United States, Washington D.C.) - CLASP",41___CENTER_FOR_LAW_AND_SOCIAL_POLICY_(WASHINGTON_D.C.)
Horizon 2020,"Bioenergy 2020+ (Austria, Graz)",41___BIOENERGY_2020+_(AUSTRIA)_(GRAZ)
Horizon 2020 Framework Programme,"Framework (United Kingdom, Nottingham)",41___FRAMEWORK_(NOTTINGHAM)
Innovative Research Group Project of the National Natural Science Foundation of China,"National Natural Science Foundation of China (China, Beijing) - NSFC",41___NATIONAL_NATURAL_SCIENCE_FOUNDATION_OF_CHINA_(BEIJING)
Institut National Du Cancer,"French National Cancer Institute (France, Boulogne-Billancourt) - INCA",41___FRENCH_NATIONAL_CANCER_INSTITUTE_(BOULOGNE-BILLANCOURT)
Institut sur la Nutrition et les Aliments Fonctionnels,"Ministère des Forêts, de la Faune et des Parcs (Canada, Québec)","41___MINISTÈRE_DES_FORÊTS,_DE_LA_FAUNE_ET_DES_PARCS_(QUÉBEC)"
Instituto Nacional de Ciência e Tecnologia do Café,"Instituto Nacional de Ciência e Tecnologia de Ciência Animal (Brazil, Viçosa) - INCT-CA",41___INSTITUTO_NACIONAL_DE_CIÊNCIA_E_TECNOLOGIA_DE_CIÊNCIA_ANIMAL_(VIÇOSA)
Instituto Nazionale di Fisica Nucleare,"Istituto Nazionale di Fisica Nucleare (Italy, Rome) - INFN",41___NATIONAL_INSTITUTE_FOR_NUCLEAR_PHYSICS_(ROME)
Integrative and Collaborative Education and Research,"Integrative Graduate Education and Research Traineeship (United States, Arlington) - NSF IGERT",41___INTEGRATIVE_GRADUATE_EDUCATION_AND_RESEARCH_TRAINEESHIP_(ARLINGTON)
Iowa Science Foundation,"Science Center of Iowa (United States, Des Moines) - SCI",41___SCIENCE_CENTER_OF_IOWA_(DES_MOINES)
Istituto Nazionale di Fisica Nucleare Sezione di Padova,"INFN Sezione di Padova (Italy, Padua)",41___INFN_SEZIONE_DI_PADOVA_(PADUA)
Javna Agencija za Raziskovalno Dejavnost RS,"Agencija za Radioaktivne Odpadke (Slovenia, Ljubljana) - ARAO",41___AGENCIJA_ZA_RADIOAKTIVNE_ODPADKE_(LJUBLJANA)
Knut och Alice Wallenbergs Stiftelse,"Knut and Alice Wallenberg Foundation (Sweden, Stockholm)",41___KNUT_AND_ALICE_WALLENBERG_FOUNDATION_(STOCKHOLM)
Laboratory Directed Research and Development,"Defence Research and Development Laboratory (India, Hyderabad) - DRDL",41___DEFENCE_RESEARCH_AND_DEVELOPMENT_LABORATORY_(HYDERABAD)
Lundbeckfonden,"Lundbeck Foundation (Denmark, Copenhagen)",41___LUNDBECK_FOUNDATION_(COPENHAGEN)
Magyar Tudományos Akadémia,"Hungarian Academy of Sciences (Hungary, Budapest) - MTA",41___HUNGARIAN_ACADEMY_OF_SCIENCES_(BUDAPEST)
"Materials Research Institute, Pennsylvania State University","Pennsylvania State University (United States, State College) - PSU",41___PENNSYLVANIA_STATE_UNIVERSITY_(STATE_COLLEGE)
"Materials Research Science and Engineering Center, Harvard University","Materials Research Science and Engineering Centers (United States, Arlington) - MRSEC",41___MATERIALS_RESEARCH_SCIENCE_AND_ENGINEERING_CENTERS_(ARLINGTON)
Maternal and Child Health Bureau,"Yunnan Maternal and Child Health (China, Kunming)",41___YUNNAN_MATERNAL_AND_CHILD_HEALTH_(KUNMING)
Max-Planck-Gesellschaft,"Halbleiterlabor of the Max-Planck-Society (Germany, Munich) - MPG HLL",41___HALBLEITERLABOR_OF_THE_MAX-PLANCK-SOCIETY_(MUNICH)
Michael J. Fox Foundation for Parkinson's Research,"Michael J. Fox Foundation (United States, New York) - MJFF",41___MICHAEL_J._FOX_FOUNDATION_(NEW_YORK)
"Ministerio de Asuntos Económicos y Transformación Digital, Gobierno de España","Ministerio para la Transformación Digital y de la Función Pública (Spain, Madrid) - MTDFP",41___MINISTERIO_PARA_LA_TRANSFORMACIÓN_DIGITAL_Y_DE_LA_FUNCIÓN_PÚBLICA_(MADRID)
Ministerio de Ciencia e Innovación,"Ministerio de Ciencia, Innovación y Universidades (Spain, Madrid) - MICINN",41___MINISTERIO_DE_CIENCIA_E_INNOVACIÓN_(MADRID)
Ministerio de Economía y Competitividad,"Ministerio de Trabajo y Economía Social (Spain, Madrid) - MITES",41___MINISTRY_OF_EMPLOYMENT_AND_SOCIAL_SECURITY_(MADRID)
"Ministerio de Economía, Fomento y Turismo, Chile","Ministerio de Agricultura (Chile, Santiago)",41___MINISTERIO_DE_AGRICULTURA_(SANTIAGO)
"Ministerium für Innovation, Wissenschaft und Forschung des Landes Nordrhein-Westfalen","Ministerium für Kultur und Wissenschaft des Landes Nordrhein-Westfalen (Germany, Düsseldorf) - MKW NRW","41___MINISTERIUM_FÜR_INNOVATION,_WISSENSCHAFT_UND_FORSCHUNG_D._LANDES_NORDRHEIN-WESTFALEN_(DÜSSELDORF)"
Ministero degli Affari Esteri e della Cooperazione Internazionale,"Ministero degli Affari Esteri (Italy, Rome) - MAE",41___MINISTERO_DEGLI_AFFARI_ESTERI_(ROME)
Ministero dell'Università e della Ricerca,"Ministero della Salute (Italy, Rome)",41___MINISTERO_DELLA_SALUTE_(ROME)
"Ministero dell’Istruzione, dell’Università e della Ricerca","Ministero della Salute (Italy, Rome)",41___MINISTERO_DELLA_SALUTE_(ROME)
"Ministerstvo Školství, Mládeže a Tělovýchovy","Asociace Pedagogů Základního Školství České Republiky (Czechia, Prague) - APZŠ ČR",41___ASOCIACE_PEDAGOGŮ_ZÁKLADNÍHO_ŠKOLSTVÍ_ČESKÉ_REPUBLIKY_(PRAGUE)
Ministerstwo Edukacji i Nauki,"Ministerstwo Infrastruktury (Poland, Warsaw)",41___MINISTERSTWO_INFRASTRUKTURY_(WARSAW)
"Ministry of Education and Research, Romania","Ministry of Education and Research (Estonia, Tartu)",41___MINISTRY_OF_EDUCATION_AND_RESEARCH_(TARTU)
"Ministry of Education, Youth and Science","Ministry of Education and Science (Bulgaria, Sofia)",41___MINISTRY_OF_EDUCATION_AND_SCIENCE_(SOFIA)
"Ministry of Higher Education, Science, Research and Innovation, Thailand","Thailand Science Research and Innovation (Thailand, Bangkok) - TSRI",41___THAILAND_SCIENCE_RESEARCH_AND_INNOVATION_(BANGKOK)
"Ministry of Science and Technology, Taiwan","Ministry of Science and Technology (Vietnam, Hanoi) - MOST",41___MINISTRY_OF_SCIENCE_AND_TECHNOLOGY_(HANOI)
Ministry of Sports and Education,"Ministry of Education, Sports and Youth (Albania, Tirana)","41___MINISTRY_OF_EDUCATION,_SPORTS_AND_YOUTH_(TIRANA)"
Multidisciplinary University Research Initiative,"Centre de Recherches Pluridisciplinaires Multilingues (France, Nanterre) - CRPM",41___CENTRE_DE_RECHERCHES_PLURIDISCIPLINAIRES_MULTILINGUES_(NANTERRE)
NIH Office of the Director,"Office of the Director (United States, Bethesda) - OD",41___OFFICE_OF_THE_DIRECTOR_(BETHESDA)
Narodowe Centrum Nauki,"National Science Center (Poland, Krakow) - NCN",41___NATIONAL_SCIENCE_CENTER_(KRAKOW)
Narodowym Centrum Nauki,"Centrum Medyczne iMed24 (Poland, Krakow)",41___CENTRUM_MEDYCZNE_IMED24_(KRAKOW)
National Alliance for Research on Schizophrenia and Depression,"Brain & Behavior Research Foundation (United States, New York)",41___BRAIN_&_BEHAVIOR_RESEARCH_FOUNDATION_(NEW_YORK)
"National Center for HIV/AIDS, Viral Hepatitis, STD, and TB Prevention","National Center for HIV/AIDS Viral Hepatitis STD and TB Prevention (United States, Atlanta) - NCHHSTP",41___NATIONAL_CENTER_FOR_HIV/AIDS_VIRAL_HEPATITIS_STD_AND_TB_PREVENTION_(ATLANTA)
National Center for Research Resources,"National Center for Genome Resources (United States, Santa Fe) - NCGR",41___NATIONAL_CENTER_FOR_GENOME_RESOURCES_(SANTA_FE)
National Drug Abuse Treatment Clinical Trials Network,"North Central Cancer Treatment Group (United States, Rochester) - NCCTG",41___NORTH_CENTRAL_CANCER_TREATMENT_GROUP_(ROCHESTER)
National Institute for Health and Care Research,"National Institute for Health and Care Excellence (United Kingdom, Manchester) - NICE",41___NATIONAL_INSTITUTE_FOR_HEALTH_AND_CARE_EXCELLENCE_(MANCHESTER)
National Key Research and Development Program of China,"National Institutes of Pharmaceutical Research and Development (China, Beijing)",41___CHINA_PHARMACEUTICAL_RESEARCH_AND_DEVELOPMENT_CENTER_(CHINA)_(BEIJING)
National Key Research and Development Program of China Stem Cell and Translational Research,"Stem-Cell and Brain Research Institute (France, Bron) - SBRI",41___STEM-CELL_AND_BRAIN_RESEARCH_INSTITUTE_(BRON)
National Natural Science Foundation of China-Yunnan Joint Fund,"National Natural Science Foundation of China (China, Beijing) - NSFC",41___NATIONAL_NATURAL_SCIENCE_FOUNDATION_OF_CHINA_(BEIJING)
National Social Science Fund of China,"Bulgarian Science Fund (Bulgaria, Anton) - BSF",41___BULGARIAN_SCIENCE_FUND_(ANTON)
Natural Science Foundation of Beijing Municipality,"Beijing Museum of Natural History (China, Beijing) - BMNH",41___BEIJING_MUSEUM_OF_NATURAL_HISTORY_(BEIJING)
Natural Science Foundation of Guangdong Province,"Guangdong Province Women and Children Hospital (China, Guangzhou)",41___GUANGDONG_PROVINCE_WOMEN_AND_CHILDREN_HOSPITAL_(GUANGZHOU)
Natural Science Foundation of Hebei Province,"Hospital of Hebei Province (China, Shijiazhuang)",41___HOSPITAL_OF_HEBEI_PROVINCE_(SHIJIAZHUANG)
Natural Science Foundation of Jiangsu Province,"Government of Jiangsu Province (China, Nanjing)",41___GOVERNMENT_OF_JIANGSU_PROVINCE_(NANJING)
Natural Science Foundation of Jiangxi Province,"Education Department of Jiangxi Province (China, Nanchang)",41___EDUCATION_DEPARTMENT_OF_JIANGXI_PROVINCE_(NANCHANG)
Natural Science Foundation of Shandong Province,"Government of Shandong Province (China, Jinan)",41___GOVERNMENT_OF_SHANDONG_PROVINCE_(JINAN)
Natural Science Foundation of Zhejiang Province,"Zhejiang Provincial Natural Science Foundation (China, Hangzhou)",41___ZHEJIANG_PROVINCIAL_NATURAL_SCIENCE_FOUNDATION_(HANGZHOU)
Natural Science Foundation of Hunan Province,"Education Department of Hunan Province (China, Changsha)",41___EDUCATION_DEPARTMENT_OF_HUNAN_PROVINCE_(CHANGSHA)
Natural Sciences and Engineering Research Council of Canada,"Natural Sciences and Engineering Research Council (Canada, Ottawa) - NSERC",41___NATURAL_SCIENCES_AND_ENGINEERING_RESEARCH_COUNCIL_(OTTAWA)
Nederlandse Organisatie voor Wetenschappelijk Onderzoek,"Dutch Research Council (Netherlands, The Hague) - NWO",41___DUTCH_RESEARCH_COUNCIL_(THE_HAGUE)
Nemzeti Kutatási Fejlesztési és Innovációs Hivatal,"Nemzeti Szakképzési és Felnőttképzési Hivatal (Hungary, Budapest) - NSZFH",41___NEMZETI_SZAKKÉPZÉSI_ÉS_FELNŐTTKÉPZÉSI_HIVATAL_(BUDAPEST)
"Nemzeti Kutatási, Fejlesztési és Innovaciós Alap","Nemzeti Szakképzési és Felnőttképzési Hivatal (Hungary, Budapest) - NSZFH",41___NEMZETI_SZAKKÉPZÉSI_ÉS_FELNŐTTKÉPZÉSI_HIVATAL_(BUDAPEST)
Norges Forskningsråd,"The Research Council of Norway (Norway, Oslo)",41___THE_RESEARCH_COUNCIL_OF_NORWAY_(OSLO)
Norges Idrettshøgskole,"Norwegian School of Sport Sciences (Norway, Oslo) - NSSS",41___NORWEGIAN_SCHOOL_OF_SPORT_SCIENCES_(OSLO)
Office of Advanced Cyberinfrastructure,"Division of Advanced Cyberinfrastructure (United States, Arlington) - NSF ACI",41___DIVISION_OF_ADVANCED_CYBERINFRASTRUCTURE_(ARLINGTON)
"Office of Extramural Research, National Institutes of Health","Office of Extramural Research (United States, Bethesda) - OER",41___OFFICE_OF_EXTRAMURAL_RESEARCH_(BETHESDA)
Ono Pharma Foundation,"Ono Pharmaceutical (Japan, Osaka)",41___ONO_PHARMACEUTICAL_(JAPAN)_(OSAKA)
Patrick and Catherine Weldon Donaghue Medical Research Foundation,"Donaghue Foundation (United States, West Hartford)",41___DONAGHUE_FOUNDATION_(WEST_HARTFORD)
Postdoctoral Research Foundation of China,"China Postdoctoral Science Foundation (China, Beijing)",41___CHINA_POSTDOCTORAL_SCIENCE_FOUNDATION_(BEIJING)
Recruitment Program of Global Experts,"EEI Communications (United States, Alexandria)",41___EEI_COMMUNICATIONS_(UNITED_STATES)_(ALEXANDRIA)
Retirement Research Foundation,"RRF Foundation for Aging (United States, Chicago) - RRF",41___RETIREMENT_RESEARCH_FOUNDATION_(CHICAGO)
Sanming Project of Medicine in Shenzhen,"Sanming University (China, Sanming)",41___SANMING_UNIVERSITY_(SANMING)
Schweizerischer Nationalfonds zur Förderung der Wissenschaftlichen Forschung,"Swiss National Science Foundation (Switzerland, Bern) - SNSF",41___SWISS_NATIONAL_SCIENCE_FOUNDATION_(BERN)
Scientific Research Fund for Young and Middle-Aged Scholars of Gansu University of Traditional Chinese Medicine,"Gansu University of Traditional Chinese Medicine (China, Lanzhou)",41___GANSU_UNIVERSITY_OF_TRADITIONAL_CHINESE_MEDICINE_(LANZHOU)
Searle Scholars Program,"Westpac Scholars Trust (Australia, Sydney)",41___WESTPAC_SCHOLARS_TRUST_(SYDNEY)
Seventh Framework Programme,"Framework (United Kingdom, Nottingham)",41___FRAMEWORK_(NOTTINGHAM)
Sichuan Province Science and Technology Support Program,"Science and Technology Department of Sichuan Province (China, Chengdu)",41___SCIENCE_AND_TECHNOLOGY_DEPARTMENT_OF_SICHUAN_PROVINCE_(CHENGDU)
Simons Foundation Autism Research Initiative,"Simons Foundation (United States, New York)",41___SIMONS_FOUNDATION_(NEW_YORK)
Sleep Research Society Foundation,"Sleep Research Society (United States, Darien) - SRS",41___SLEEP_RESEARCH_SOCIETY_(DARIEN)
Social Sciences and Humanities Research Council of Canada,"Social Sciences and Humanities Research Council (Canada, Ottawa) - SSHRC",41___SOCIAL_SCIENCES_AND_HUMANITIES_RESEARCH_COUNCIL_(OTTAWA)
State Key Laboratory of Chemo/Biosensing and Chemometrics,"State Key Laboratory of Chemobiosensing and Chemometrics (China, Changsha)",41___STATE_KEY_LABORATORY_OF_CHEMOBIOSENSING_AND_CHEMOMETRICS_(CHANGSHA)
Svenska Forskningsrådet Formas,"The Research Council of Norway (Norway, Oslo)",41___THE_RESEARCH_COUNCIL_OF_NORWAY_(OSLO)
Swedish Cancer Foundation,"Swedish Cancer Society (Sweden, Stockholm)",41___SWEDISH_CANCER_SOCIETY_(STOCKHOLM)
Tempus Közalapítvány,"Tempus Public Foundation (Hungary, Budapest) - TPF",41___TEMPUS_PUBLIC_FOUNDATION_(BUDAPEST)
Texas A and M University,"Texas A&M University System (United States, College Station)",41___TEXAS_A&M_UNIVERSITY_SYSTEM_(COLLEGE_STATION)
The Wellcome Trust DBT India Alliance,"Wellcome Trust/DBT India Alliance (India, New Delhi)",41___WELLCOME_TRUST/DBT_INDIA_ALLIANCE_(NEW_DELHI)
U.S. Department of Defense,"United States Department of Defense (United States, Washington) - US DOD",41___UNITED_STATES_DEPARTMENT_OF_DEFENSE_(WASHINGTON_D.C.)
U.S. Department of Education,"Department of Education (Philippines, Manila)",41___DEPARTMENT_OF_EDUCATION_(MANILA)
U.S. Department of Energy,"United States Department of Energy (United States, Washington) - DOE",41___UNITED_STATES_DEPARTMENT_OF_ENERGY_(WASHINGTON_D.C.)
U.S. Department of Health and Human Services,"Department of Health and Human Services (United States, Long Beach) - LBDHHS",41___DEPARTMENT_OF_HEALTH_AND_HUMAN_SERVICES_(LONG_BEACH)
U.S. Department of Veterans Affairs,"United States Department of Veterans Affairs (United States, Washington) - VA",41___UNITED_STATES_DEPARTMENT_OF_VETERANS_AFFAIRS_(WASHINGTON_D.C.)
U.S. Food and Drug Administration,"United States Food and Drug Administration (United States, Silver Spring) - FDA",41___UNITED_STATES_FOOD_AND_DRUG_ADMINISTRATION_(SILVER_SPRING)
U.S. National Library of Medicine,"ZB MED - Information Centre for Life Sciences (Germany, Cologne) - ZB MED",41___GERMAN_NATIONAL_LIBRARY_OF_MEDICINE_(COLOGNE)
U.S. Naval Research Laboratory,"Naval Research Laboratory Optical Sciences Division (United States, Washington)",41___NAVAL_RESEARCH_LABORATORY_OPTICAL_SCIENCES_DIVISION_(WASHINGTON)
UK Space Agency,"United Kingdom Space Agency (United Kingdom, Swindon) - UKSA",41___UNITED_KINGDOM_SPACE_AGENCY_(SWINDON)
United States - Israel Binational Science Foundation,"United States-Israel Binational Science Foundation (Israel, Jerusalem) - BSF",41___UNITED_STATES-ISRAEL_BINATIONAL_SCIENCE_FOUNDATION_(JERUSALEM)
Universidad Nacional de Cuyo,"National University of Cuyo (Argentina, Mendoza)",41___NATIONAL_UNIVERSITY_OF_CUYO_(MENDOZA)
Universiteit Gent,"Ghent University (Belgium, Ghent)",41___GHENT_UNIVERSITY_(GHENT)
Université de Paris,"Université Paris Cité (France, Paris)",41___UNIVERSITY_OF_PARIS_(PARIS)
Univerzita Karlova v Praze,"Charles University (Czechia, Prague)",41___CHARLES_UNIVERSITY_(PRAGUE)
Vetenskapsrådet,"Swedish Research Council (Sweden, Stockholm) - VR",41___SWEDISH_RESEARCH_COUNCIL_(STOCKHOLM)
William T. Grant Foundation,"William Thomas Grant Foundation (United States, New York)",41___WILLIAM_THOMAS_GRANT_FOUNDATION_(NEW_YORK)
William and Flora Hewlett Foundation,"Hewlett Foundation (United States, Menlo Park)",41___HEWLETT_FOUNDATION_(MENLO_PARK)
“la Caixa” Foundation,"Caixa Cultural (Brazil, Brasília)",41___CAIXA_CULTURAL_(BRASÍLIA)
